threshold,accuracy,precision,recall,f1,tn,fp,fn,tp,model
0.2,0.11746491534735054,0.11380278864479888,0.9991193306913254,0.20433157728848664,83,17669,2,2269,xgb
0.3,0.20196773710233232,0.12120039792196308,0.9656538969616909,0.21536950650626074,1851,15901,78,2193,xgb
0.5,0.6720771113219797,0.18330629700634124,0.5473359753412593,0.2746354396818383,12214,5538,1028,1243,xgb
0.2,0.1135194526294761,0.11343089755756455,1.0,0.20375022429571146,2,17750,0,2271,nn
0.3,0.11531738500724167,0.11363522641981486,1.0,0.20407979870596693,38,17714,0,2271,nn
0.5,0.12510612795285422,0.11433196742044822,0.9951563188022897,0.2051002813322443,245,17507,11,2260,nn
0.2,0.11346951006342706,0.11342523224453102,1.0,0.20374108464540439,1,17751,0,2271,ensemble_avg
0.3,0.11571692553563402,0.11364205256570713,0.9995596653456627,0.20408163265306123,47,17705,1,2270,ensemble_avg
0.5,0.16870598811366927,0.11787537218205019,0.9762219286657859,0.21035153470278475,1161,16591,54,2217,ensemble_avg
