model,roc_auc,pr_auc,brier
xgb,0.6648771498064532,0.22057706213716036,0.21824148442308686
nn,0.5900368529744616,0.17214718016229694,0.6659808186419397
ensemble_avg,0.6503164396829829,0.21216585321352716,0.3973755563166645
