threshold,accuracy,precision,recall,f1,tn,fp,fn,tp,model
0.2,0.8135144583728712,0.2088731841382018,0.2363394047090182,0.22175906627761569,15757,2015,1719,532,xgb
0.3,0.8665035209509064,0.2740899357601713,0.11372723234118169,0.16075353218210361,17094,678,1995,256,xgb
0.5,0.8838335913699246,0.3222748815165877,0.030208796090626388,0.05523964256701868,17629,143,2183,68,xgb
0.2,0.12800279678369875,0.11294345192650278,0.9857840959573523,0.20266691022011143,344,17428,32,2219,nn
0.3,0.15032712380762123,0.11356020942408376,0.9635717458907153,0.20317549529296053,841,16931,82,2169,nn
0.5,0.3148878789392199,0.12157613358854201,0.8183029764549089,0.2116998046201586,4463,13309,409,1842,nn
0.2,0.15856764720571342,0.11463118432863403,0.9644602398933807,0.2049079754601227,1004,16768,80,2171,ensemble_avg
0.3,0.3520950906457574,0.1275531471446436,0.8156374944469125,0.2206067888254731,5214,12558,415,1836,ensemble_avg
0.5,0.847575288418319,0.23388704318936876,0.15637494446912484,0.18743343982960597,16619,1153,1899,352,ensemble_avg
