model,roc_auc,pr_auc,brier
xgb,0.6233138886530838,0.18263452825629695,0.09925209588360066
nn,0.5829362432061855,0.16681119290780833,0.3440777690665358
ensemble_avg,0.6085690727096257,0.17897584139931164,0.16110310037836909
